AD	Andorra	Andorre
AE	United Arab Emirates	Émirats arabes unis
AF	Afghanistan	Afghanistan
AG	Antigua & Barbuda	Antigua-et-Barbuda
AI	Anguilla	Anguilla
AL	Albania	Albanie
AM	Armenia	Arménie
AO	Angola	Angola
AR	Argentina	Argentine
AS	American Samoa	Samoa américaines
AT	Austria	Autriche
AU	Australia	Australie
AW	Aruba	Aruba
AX	Åland Islands	Îles Åland
AZ	Azerbaijan	Azerbaïdjan
BA	Bosnia & Herzegovina	Bosnie-Herzégovine
BB	Barbados	Barbade
BD	Bangladesh	Bangladesh
BE	Belgium	Belgique
BF	Burkina Faso	Burkina Faso
BG	Bulgaria	Bulgarie
BH	Bahrain	Bahreïn
BI	Burundi	Burundi
BJ	Benin	Bénin
BL	St. Barthélemy	Saint-Barthélemy
BM	Bermuda	Bermudes
BN	Brunei	Brunei
BO	Bolivia	Bolivie
BQ	Caribbean Netherlands	Pays-Bas caribéens
BR	Brazil	Brésil
BS	Bahamas	Bahamas
BT	Bhutan	Bhoutan
BW	Botswana	Botswana
BY	Belarus	Biélorussie
BZ	Belize	Belize
CA	Canada	Canada
CC	Cocos (Keeling) Islands	Îles Cocos
CD	Congo - Kinshasa	Congo-Kinshasa
CF	Central African Republic	République centrafricaine
CG	Congo - Brazzaville	Congo-Brazzaville
CH	Switzerland	Suisse
CI	Côte d’Ivoire	Côte d’Ivoire
CK	Cook Islands	Îles Cook
CL	Chile	Chili
CM	Cameroon	Cameroun
CN	China	Chine
CO	Colombia	Colombie
CR	Costa Rica	Costa Rica
CU	Cuba	Cuba
CV	Cape Verde	Cap-Vert
CW	Curaçao	Curaçao
CX	Christmas Island	Île Christmas
CY	Cyprus	Chypre
CZ	Czechia	Tchéquie
DE	Germany	Allemagne
DJ	Djibouti	Djibouti
DK	Denmark	Danemark
DM	Dominica	Dominique
DO	Dominican Republic	République dominicaine
DZ	Algeria	Algérie
EC	Ecuador	Équateur
EE	Estonia	Estonie
EG	Egypt	Égypte
EH	Western Sahara	Sahara occidental
ER	Eritrea	Érythrée
ES	Spain	Espagne
ET	Ethiopia	Éthiopie
FI	Finland	Finlande
FJ	Fiji	Fidji
FK	Falkland Islands	Îles Malouines
FM	Micronesia	Micronésie
FO	Faroe Islands	Îles Féroé
FR	France	France
GA	Gabon	Gabon
GB	United Kingdom	Royaume-Uni
GD	Grenada	Grenade
GE	Georgia	Géorgie
GF	French Guiana	Guyane française
GG	Guernsey	Guernesey
GH	Ghana	Ghana
GI	Gibraltar	Gibraltar
GL	Greenland	Groenland
GM	Gambia	Gambie
GN	Guinea	Guinée
GP	Guadeloupe	Guadeloupe
GQ	Equatorial Guinea	Guinée équatoriale
GR	Greece	Grèce
GS	South Georgia & South Sandwich Islands	Géorgie du Sud-et-les Îles Sandwich du Sud
GT	Guatemala	Guatemala
GU	Guam	Guam
GW	Guinea-Bissau	Guinée-Bissau
GY	Guyana	Guyana
HK	Hong Kong SAR China	R.A.S. chinoise de Hong Kong
HN	Honduras	Honduras
HR	Croatia	Croatie
HT	Haiti	Haïti
HU	Hungary	Hongrie
ID	Indonesia	Indonésie
IE	Ireland	Irlande
IL	Israel	Israël
IM	Isle of Man	Île de Man
IN	India	Inde
IO	British Indian Ocean Territory	Territoire britannique de l’océan Indien
IQ	Iraq	Irak
IR	Iran	Iran
IS	Iceland	Islande
IT	Italy	Italie
JE	Jersey	Jersey
JM	Jamaica	Jamaïque
JO	Jordan	Jordanie
JP	Japan	Japon
KE	Kenya	Kenya
KG	Kyrgyzstan	Kirghizstan
KH	Cambodia	Cambodge
KI	Kiribati	Kiribati
KM	Comoros	Comores
KN	St. Kitts & Nevis	Saint-Christophe-et-Niévès
KP	North Korea	Corée du Nord
KR	South Korea	Corée du Sud
KW	Kuwait	Koweït
KY	Cayman Islands	Îles Caïmans
KZ	Kazakhstan	Kazakhstan
LA	Laos	Laos
LB	Lebanon	Liban
LC	St. Lucia	Sainte-Lucie
LI	Liechtenstein	Liechtenstein
LK	Sri Lanka	Sri Lanka
LR	Liberia	Liberia
LS	Lesotho	Lesotho
LT	Lithuania	Lituanie
LU	Luxembourg	Luxembourg
LV	Latvia	Lettonie
LY	Libya	Libye
MA	Morocco	Maroc
MC	Monaco	Monaco
MD	Moldova	Moldavie
ME	Montenegro	Monténégro
MF	St. Martin	Saint-Martin
MG	Madagascar	Madagascar
MH	Marshall Islands	Îles Marshall
MK	North Macedonia	Macédoine du Nord
ML	Mali	Mali
MM	Myanmar (Burma)	Myanmar (Birmanie)
MN	Mongolia	Mongolie
MO	Macao SAR China	R.A.S. chinoise de Macao
MP	Northern Mariana Islands	Îles Mariannes du Nord
MQ	Martinique	Martinique
MR	Mauritania	Mauritanie
MS	Montserrat	Montserrat
MT	Malta	Malte
MU	Mauritius	Maurice
MV	Maldives	Maldives
MW	Malawi	Malawi
MX	Mexico	Mexique
MY	Malaysia	Malaisie
MZ	Mozambique	Mozambique
NA	Namibia	Namibie
NC	New Caledonia	Nouvelle-Calédonie
NE	Niger	Niger
NF	Norfolk Island	Île Norfolk
NG	Nigeria	Nigeria
NI	Nicaragua	Nicaragua
NL	Netherlands	Pays-Bas
NO	Norway	Norvège
NP	Nepal	Népal
NR	Nauru	Nauru
NU	Niue	Niue
NZ	New Zealand	Nouvelle-Zélande
OM	Oman	Oman
PA	Panama	Panama
PE	Peru	Pérou
PF	French Polynesia	Polynésie française
PG	Papua New Guinea	Papouasie-Nouvelle-Guinée
PH	Philippines	Philippines
PK	Pakistan	Pakistan
PL	Poland	Pologne
PM	St. Pierre & Miquelon	Saint-Pierre-et-Miquelon
PN	Pitcairn Islands	Îles Pitcairn
PR	Puerto Rico	Porto Rico
PS	Palestinian Territories	Territoires palestiniens
PT	Portugal	Portugal
PW	Palau	Palaos
PY	Paraguay	Paraguay
QA	Qatar	Qatar
RE	Réunion	La Réunion
RO	Romania	Roumanie
RS	Serbia	Serbie
RU	Russia	Russie
RW	Rwanda	Rwanda
SA	Saudi Arabia	Arabie saoudite
SB	Solomon Islands	Îles Salomon
SC	Seychelles	Seychelles
SD	Sudan	Soudan
SE	Sweden	Suède
SG	Singapore	Singapour
SH	St. Helena	Sainte-Hélène
SI	Slovenia	Slovénie
SJ	Svalbard & Jan Mayen	Svalbard et Jan Mayen
SK	Slovakia	Slovaquie
SL	Sierra Leone	Sierra Leone
SM	San Marino	Saint-Marin
SN	Senegal	Sénégal
SO	Somalia	Somalie
SR	Suriname	Suriname
SS	South Sudan	Soudan du Sud
ST	São Tomé & Príncipe	Sao Tomé-et-Principe
SV	El Salvador	Salvador
SX	Sint Maarten	Saint-Martin (partie néerlandaise)
SY	Syria	Syrie
SZ	Eswatini	Eswatini
TC	Turks & Caicos Islands	Îles Turques-et-Caïques
TD	Chad	Tchad
TF	French Southern Territories	Terres australes françaises
TG	Togo	Togo
TH	Thailand	Thaïlande
TJ	Tajikistan	Tadjikistan
TK	Tokelau	Tokelau
TL	Timor-Leste	Timor oriental
TM	Turkmenistan	Turkménistan
TN	Tunisia	Tunisie
TO	Tonga	Tonga
TR	Türkiye	Turquie
TT	Trinidad & Tobago	Trinité-et-Tobago
TV	Tuvalu	Tuvalu
TW	Taiwan	Taïwan
TZ	Tanzania	Tanzanie
UA	Ukraine	Ukraine
UG	Uganda	Ouganda
US	United States	États-Unis
UY	Uruguay	Uruguay
UZ	Uzbekistan	Ouzbékistan
VA	Vatican City	État de la Cité du Vatican
VC	St. Vincent & Grenadines	Saint-Vincent-et-les Grenadines
VE	Venezuela	Venezuela
VG	British Virgin Islands	Îles Vierges britanniques
VI	U.S. Virgin Islands	Îles Vierges des États-Unis
VN	Vietnam	Viêt Nam
VU	Vanuatu	Vanuatu
WF	Wallis & Futuna	Wallis-et-Futuna
WS	Samoa	Samoa
XK	Kosovo	Kosovo
YE	Yemen	Yémen
YT	Mayotte	Mayotte
ZA	South Africa	Afrique du Sud
ZM	Zambia	Zambie
ZW	Zimbabwe	Zimbabwe
